{
  "version": 2,
  "builds": [
    {
      "src": "client/package.json",
      "use": "@vercel/static-build",
      "config": {
        "distDir": "build"
      }
    }
  ],
  "routes": [
    { "handle": "filesystem" },
    { "src": "/.*", "dest": "/client/build/index.html" }
  ],
  "rewrites": [
    { "source": "/(.*)", "destination": "/" }
  ],
  "headers": [
    {
      "source": "/api/(.*)",
      "headers": [
        { "key": "Access-Control-Allow-Origin", "value": "*" },
        { "key": "Access-Control-Allow-Methods", "value": "GET, POST, PUT, DELETE, OPTIONS" },
        { "key": "Access-Control-Allow-Headers", "value": "Content-Type, Authorization" }
      ]
    }
  ]
} 